CREATE DATABASE  IF NOT EXISTS `aco` CHARACTER SET utf8mb4 COLLATE utf8mb4_unicode_ci;
USE `aco`;
-- MySQL dump 10.13  Distrib 5.7.18, for macos10.12 (x86_64)
--
-- Host: 127.0.0.1    Database: aco
-- ------------------------------------------------------
-- Server version 5.7.18

/*!40101 SET @OLD_CHARACTER_SET_CLIENT=@@CHARACTER_SET_CLIENT */;
/*!40101 SET @OLD_CHARACTER_SET_RESULTS=@@CHARACTER_SET_RESULTS */;
/*!40101 SET @OLD_COLLATION_CONNECTION=@@COLLATION_CONNECTION */;
/*!40101 SET NAMES utf8 */;
/*!40103 SET @OLD_TIME_ZONE=@@TIME_ZONE */;
/*!40103 SET TIME_ZONE='+00:00' */;
/*!40014 SET @OLD_UNIQUE_CHECKS=@@UNIQUE_CHECKS, UNIQUE_CHECKS=0 */;
/*!40014 SET @OLD_FOREIGN_KEY_CHECKS=@@FOREIGN_KEY_CHECKS, FOREIGN_KEY_CHECKS=0 */;
/*!40101 SET @OLD_SQL_MODE=@@SQL_MODE, SQL_MODE='NO_AUTO_VALUE_ON_ZERO' */;
/*!40111 SET @OLD_SQL_NOTES=@@SQL_NOTES, SQL_NOTES=0 */;

--
-- Table structure for table `cursos`
--

DROP TABLE IF EXISTS `cursos`;
/*!40101 SET @saved_cs_client     = @@character_set_client */;
/*!40101 SET character_set_client = utf8 */;
CREATE TABLE `cursos` (
  `id_curso` int(11) NOT NULL AUTO_INCREMENT,
  `ds_nome` varchar(200) NOT NULL,
  `created_at` datetime DEFAULT CURRENT_TIMESTAMP,
  PRIMARY KEY (`id_curso`),
  UNIQUE KEY `ds_nome` (`ds_nome`)
) ENGINE=InnoDB AUTO_INCREMENT=2 DEFAULT CHARSET=latin1;
/*!40101 SET character_set_client = @saved_cs_client */;

--
-- Dumping data for table `cursos`
--

LOCK TABLES `cursos` WRITE;
/*!40000 ALTER TABLE `cursos` DISABLE KEYS */;
INSERT INTO `cursos` VALUES (1,'Engenharia de Computação','2018-07-07 16:42:37');
/*!40000 ALTER TABLE `cursos` ENABLE KEYS */;
UNLOCK TABLES;

--
-- Table structure for table `dependencias`
--

DROP TABLE IF EXISTS `dependencias`;
/*!40101 SET @saved_cs_client     = @@character_set_client */;
/*!40101 SET character_set_client = utf8 */;
CREATE TABLE `dependencias` (
  `id_dependencia` int(11) NOT NULL AUTO_INCREMENT,
  `ds_tipo` varchar(200) NOT NULL,
  `id_disciplina` varchar(50) NOT NULL,
  `id_disciplina_dependencia` varchar(50) NOT NULL,
  `created_at` datetime DEFAULT CURRENT_TIMESTAMP,
  PRIMARY KEY (`id_dependencia`),
  KEY `fk_depencia_disciplina` (`id_disciplina`),
  CONSTRAINT `dependencias_ibfk_1` FOREIGN KEY (`id_disciplina`) REFERENCES `disciplinas` (`id_disciplina`) ON DELETE CASCADE
) ENGINE=InnoDB AUTO_INCREMENT=456 DEFAULT CHARSET=latin1;
/*!40101 SET character_set_client = @saved_cs_client */;

--
-- Dumping data for table `dependencias`
--

LOCK TABLES `dependencias` WRITE;
/*!40000 ALTER TABLE `dependencias` DISABLE KEYS */;
INSERT INTO `dependencias` VALUES (365,'pre','CIEN0004','QUIM0017','2018-07-19 10:49:57'),(366,'pre','MATM0043','MATM0042','2018-07-19 10:49:57'),(367,'pre','MATM0044','MATM0043','2018-07-19 10:49:57'),(368,'pre','MATM0045','MATM0043','2018-07-19 10:49:57'),(369,'pre','MATM0048','CCMP0041','2018-07-19 10:49:57'),(370,'co','MATM0048','MATM0043','2018-07-19 10:49:57'),(371,'pro','MATM0048','MATM0046','2018-07-19 10:49:57'),(372,'pre','PRBE0014','MATM0042','2018-07-19 10:49:57'),(373,'pre','MECN0023','FISC0036','2018-07-19 10:49:57'),(374,'co','MECN0023','MATM0044','2018-07-19 10:49:57'),(375,'eq','FISC0040','FISC0036','2018-07-19 10:49:57'),(376,'pre','FISC0041','FISC0036','2018-07-19 10:49:57'),(377,'co','FISC0041','FISC0040','2018-07-19 10:49:57'),(378,'eq','FISC0041','FISC0038','2018-07-19 10:49:57'),(379,'pre','FISC0038','FISC0036','2018-07-19 10:49:57'),(380,'pre','FISC0039','FISC0038','2018-07-19 10:49:57'),(381,'pre','MECN0017','FISC0036','2018-07-19 10:49:57'),(382,'co','MECN0017','MATM0042','2018-07-19 10:49:57'),(383,'pro','MECN0017','MATM0046','2018-07-19 10:49:57'),(384,'pre','CIEN0003','LING0002','2018-07-19 10:49:57'),(385,'pre','QUIM0018','CCMP0039','2018-07-19 10:49:57'),(386,'eq','QUIM0018','QUIM0017','2018-07-19 10:49:57'),(387,'pre','QUIM0017','CCMP0039','2018-07-19 10:49:57'),(388,'pre','MATM0046','MATM0047','2018-07-19 10:49:57'),(389,'pre','CCMP0019','CCMP0040','2018-07-19 10:49:57'),(390,'co','CCMP0019','CCMP0041','2018-07-19 10:49:57'),(391,'pre','CCMP0023','CCMP0019','2018-07-19 10:49:57'),(392,'pre','ELET0026','MATM0045','2018-07-19 10:49:57'),(393,'pre','CCMP0077','CCMP0057','2018-07-19 10:49:57'),(394,'eq','CCMP0036','CCMP0045','2018-07-19 10:49:57'),(395,'pre','CCMP0044','CCMP0036','2018-07-19 10:49:57'),(396,'eq','CCMP0084','FISC0039','2018-07-19 10:49:57'),(397,'pre','CCMP0051','CCMP0019','2018-07-19 10:49:57'),(398,'co','CCMP0051','CCMP0025','2018-07-19 10:49:57'),(399,'pro','CCMP0051','CCMP0028','2018-07-19 10:49:57'),(400,'pre','CCMP0050','CCMP0019','2018-07-19 10:49:57'),(401,'co','CCMP0050','MATM0047','2018-07-19 10:49:57'),(402,'pre','ELET0030','CCMP0084','2018-07-19 10:49:57'),(403,'pre','CCMP0082','CCMP0027','2018-07-19 10:49:57'),(404,'pre','CCMP0045','CCMP0022','2018-07-19 10:49:57'),(405,'eq','CCMP0045','CCMP0036','2018-07-19 10:49:57'),(406,'pre','CCMP0046','CCMP0045','2018-07-19 10:49:57'),(407,'pre','ELET0055','CCMP0082','2018-07-19 10:49:57'),(408,'co','ELET0055','ELET0030','2018-07-19 10:49:57'),(409,'pre','CCMP0056','CCMP0019','2018-07-19 10:49:57'),(410,'co','CCMP0056','CCMP0038','2018-07-19 10:49:57'),(411,'eq','CCMP0040','CCMP0041','2018-07-19 10:49:57'),(412,'eq','CCMP0041','CCMP0040','2018-07-19 10:49:57'),(413,'eq','CCMP0085','CCMP0084','2018-07-19 10:49:57'),(414,'pre','ELET0031','CCMP0084','2018-07-19 10:49:57'),(415,'co','ELET0031','CCMP0085','2018-07-19 10:49:57'),(416,'eq','ELET0031','ELET0030','2018-07-19 10:49:57'),(417,'pre','CCMP0083','CCMP0027','2018-07-19 10:49:57'),(418,'eq','CCMP0083','CCMP0082','2018-07-19 10:49:57'),(419,'pre','CCMP0028','CCMP0039','2018-07-19 10:49:57'),(420,'co','CCMP0028','CCMP0040','2018-07-19 10:49:57'),(421,'pro','CCMP0028','CCMP0041','2018-07-19 10:49:57'),(422,'pre','CCMP0038','CCMP0039','2018-07-19 10:49:57'),(423,'pre','CCMP0057','CCMP0019','2018-07-19 10:49:57'),(424,'co','CCMP0057','PRBE0014','2018-07-19 10:49:57'),(425,'pre','CCMP0025','CCMP0082','2018-07-19 10:49:57'),(426,'pre','CCMP0031','CCMP0025','2018-07-19 10:49:57'),(427,'pre','CCMP0043','ELET0026','2018-07-19 10:49:57'),(428,'pre','CCMP0022','CCMP0040','2018-07-19 10:49:57'),(429,'co','CCMP0022','CCMP0041','2018-07-19 10:49:57'),(430,'pre','CCMP0032','CCMP0025','2018-07-19 10:49:57'),(431,'pre','CCMP0049','CCMP0032','2018-07-19 10:49:57'),(432,'pre','CCMP0048','ELET0026','2018-07-19 10:49:57'),(433,'pre','CCMP0053','CCMP0048','2018-07-19 10:49:57'),(434,'pre','CCMP0054','CCMP0030','2018-07-19 10:49:57'),(435,'co','CCMP0054','CCMP0032','2018-07-19 10:49:57'),(436,'pre','CCMP0052','CCMP0025','2018-07-19 10:49:57'),(437,'pre','CCMP0030','CCMP0019','2018-07-19 10:49:57'),(438,'co','CCMP0030','CCMP0025','2018-07-19 10:49:57'),(439,'pre','CCMP0055','CCMP0028','2018-07-19 10:49:57'),(440,'pre','CCMP0079','CCMP0078','2018-07-19 10:49:57'),(441,'pre','CCMP0060','CCMP0053','2018-07-19 10:49:57'),(442,'pre','CCMP0066','CCMP0044','2018-07-19 10:49:57'),(443,'pre','CCMP0063','CCMP0056','2018-07-19 10:49:57'),(444,'pre','CCMP0068','CCMP0045','2018-07-19 10:49:57'),(445,'pre','CCMP0061','CCMP0056','2018-07-19 10:49:57'),(446,'pre','CCMP0065','CCMP0046','2018-07-19 10:49:57'),(447,'pre','CCMP0062','CCMP0053','2018-07-19 10:49:57'),(448,'pre','CCMP0073','CCMP0030','2018-07-19 10:49:57'),(449,'pre','CCMP0081','CCMP0054','2018-07-19 10:49:57'),(450,'pre','CCMP0071','CCMP0025','2018-07-19 10:49:57'),(451,'pre','CCMP0072','CCMP0030','2018-07-19 10:49:57'),(452,'pre','CCMP0069','CCMP0046','2018-07-19 10:49:57'),(453,'pre','CCMP0074','CCMP0022','2018-07-19 10:49:57'),(454,'co','CCMP0074','CCMP0031','2018-07-19 10:49:57'),(455,'pre','CCMP0067','CCMP0046','2018-07-19 10:49:57');
/*!40000 ALTER TABLE `dependencias` ENABLE KEYS */;
UNLOCK TABLES;

--
-- Table structure for table `disciplinas`
--

DROP TABLE IF EXISTS `disciplinas`;
/*!40101 SET @saved_cs_client     = @@character_set_client */;
/*!40101 SET character_set_client = utf8 */;
CREATE TABLE `disciplinas` (
  `id_disciplina` varchar(50) NOT NULL,
  `ds_nome` varchar(200) NOT NULL,
  `id_curso` int(11) NOT NULL,
  `ds_ciclo` varchar(200) NOT NULL,
  `nr_carga_horaria` int(11) NOT NULL,
  `nr_periodo` int(11) NOT NULL,
  `created_at` datetime DEFAULT CURRENT_TIMESTAMP,
  PRIMARY KEY (`id_disciplina`),
  KEY `fk_disciplina` (`id_curso`),
  CONSTRAINT `disciplinas_ibfk_1` FOREIGN KEY (`id_curso`) REFERENCES `cursos` (`id_curso`) ON DELETE CASCADE
) ENGINE=InnoDB DEFAULT CHARSET=latin1;
/*!40101 SET character_set_client = @saved_cs_client */;

--
-- Dumping data for table `disciplinas`
--

LOCK TABLES `disciplinas` WRITE;
/*!40000 ALTER TABLE `disciplinas` DISABLE KEYS */;
INSERT INTO `disciplinas` VALUES ('ADMT0027','ADMINISTRACAO PARA ENGENHARIA',1,'CICLO GERAL OU CICLO BÁSICO',30,6,'2018-07-19 10:49:57'),('CCMP0019','ALGORITMOS E ESTRUTURA DE DADOS 1',1,'CICLO PROFISSIONAL OU TRONCO COMUM',60,2,'2018-07-19 10:49:57'),('CCMP0022','PROGRAMACAO ORIENTADA A OBJETOS',1,'CICLO PROFISSIONAL OU TRONCO COMUM',60,4,'2018-07-19 10:49:57'),('CCMP0023','ALGORITMOS E ESTRUTURA DE DADOS 2',1,'CICLO PROFISSIONAL OU TRONCO COMUM',60,3,'2018-07-19 10:49:57'),('CCMP0025','ORGANIZACAO E ARQUITETURA DE COMPUTADORES 1',1,'CICLO PROFISSIONAL OU TRONCO COMUM',60,3,'2018-07-19 10:49:57'),('CCMP0027','INTRODUCAO A ENGENHARIA DA COMPUTACAO',1,'CICLO PROFISSIONAL OU TRONCO COMUM',60,1,'2018-07-19 10:49:57'),('CCMP0028','LINGUAGENS FORMAIS E AUTOMATOS',1,'CICLO PROFISSIONAL OU TRONCO COMUM',60,6,'2018-07-19 10:49:57'),('CCMP0030','SISTEMAS OPERACIONAIS',1,'CICLO PROFISSIONAL OU TRONCO COMUM',60,5,'2018-07-19 10:49:57'),('CCMP0031','ORGANIZACAO E ARQUITETURA DE COMPUTADORES 2',1,'CICLO PROFISSIONAL OU TRONCO COMUM',60,4,'2018-07-19 10:49:57'),('CCMP0032','REDES DE COMPUTADORES 1',1,'CICLO PROFISSIONAL OU TRONCO COMUM',60,6,'2018-07-19 10:49:57'),('CCMP0036','BANCO DE DADOS 1',1,'CICLO PROFISSIONAL OU TRONCO COMUM',60,5,'2018-07-19 10:49:57'),('CCMP0038','LOGICA PARA COMPUTACAO',1,'CICLO PROFISSIONAL OU TRONCO COMUM',60,5,'2018-07-19 10:49:57'),('CCMP0039','MATEMATICA DISCRETA',1,'CICLO GERAL OU CICLO BÁSICO',60,1,'2018-07-19 10:49:57'),('CCMP0040','INTRODUCAO A ALGORITMOS',1,'CICLO PROFISSIONAL OU TRONCO COMUM',60,1,'2018-07-19 10:49:57'),('CCMP0041','INTRODUCAO A PROGRAMACAO',1,'CICLO PROFISSIONAL OU TRONCO COMUM',60,1,'2018-07-19 10:49:57'),('CCMP0043','PRINCIPIO DE TELECOMUNICACOES',1,'CICLO PROFISSIONAL OU TRONCO COMUM',60,8,'2018-07-19 10:49:57'),('CCMP0044','BANCO DE DADOS 2',1,'CICLO PROFISSIONAL OU TRONCO COMUM',30,6,'2018-07-19 10:49:57'),('CCMP0045','ENGENHARIA DE SOFTWARE 1',1,'CICLO PROFISSIONAL OU TRONCO COMUM',60,5,'2018-07-19 10:49:57'),('CCMP0046','ENGENHARIA DE SOFTWARE 2',1,'CICLO PROFISSIONAL OU TRONCO COMUM',60,6,'2018-07-19 10:49:57'),('CCMP0048','SISTEMAS DE CONTROLE 1',1,'CICLO PROFISSIONAL OU TRONCO COMUM',60,7,'2018-07-19 10:49:57'),('CCMP0049','REDES DE COMPUTADORES 2',1,'CICLO PROFISSIONAL OU TRONCO COMUM',60,7,'2018-07-19 10:49:57'),('CCMP0050','COMPUTACAO GRAFICA',1,'CICLO PROFISSIONAL OU TRONCO COMUM',60,7,'2018-07-19 10:49:57'),('CCMP0051','COMPILADORES',1,'CICLO PROFISSIONAL OU TRONCO COMUM',60,7,'2018-07-19 10:49:57'),('CCMP0052','SISTEMAS MICROCONTROLADOS',1,'CICLO PROFISSIONAL OU TRONCO COMUM',60,7,'2018-07-19 10:49:57'),('CCMP0053','SISTEMAS DE CONTROLE 2',1,'CICLO PROFISSIONAL OU TRONCO COMUM',60,8,'2018-07-19 10:49:57'),('CCMP0054','SISTEMAS DISTRIBUIDOS 1',1,'CICLO PROFISSIONAL OU TRONCO COMUM',60,8,'2018-07-19 10:49:57'),('CCMP0055','TEORIA DA COMPUTACAO',1,'CICLO PROFISSIONAL OU TRONCO COMUM',60,8,'2018-07-19 10:49:57'),('CCMP0056','INTELIGENCIA ARTIFICIAL',1,'CICLO PROFISSIONAL OU TRONCO COMUM',60,8,'2018-07-19 10:49:57'),('CCMP0057','MODELAGEM E SIMULACAO',1,'CICLO PROFISSIONAL OU TRONCO COMUM',60,8,'2018-07-19 10:49:57'),('CCMP0058','ASPECTOS LEGAIS PARA COMPUTACAO',1,'CICLO GERAL OU CICLO BÁSICO',30,8,'2018-07-19 10:49:57'),('CCMP0060','AUTOMACAO INDUSTRIAL',1,'CICLO PROFISSIONAL OU TRONCO COMUM',60,0,'2018-07-19 10:49:57'),('CCMP0061','INTELIGENCIA COMPUTACIONAL',1,'COMPONENTES OPTATIVOS - DISCIPLINAS OPTATIVAS',60,0,'2018-07-19 10:49:57'),('CCMP0062','ROBOTICA',1,'COMPONENTES OPTATIVOS - DISCIPLINAS OPTATIVAS',60,0,'2018-07-19 10:49:57'),('CCMP0063','CONTROLE INTELIGENTE',1,'COMPONENTES OPTATIVOS - DISCIPLINAS OPTATIVAS',60,0,'2018-07-19 10:49:57'),('CCMP0064','TOPICOS AVANCADOS EM AUTOMACAO',1,'COMPONENTES OPTATIVOS - DISCIPLINAS OPTATIVAS',60,0,'2018-07-19 10:49:57'),('CCMP0065','QUALIDADE DE SOFTWARE',1,'COMPONENTES OPTATIVOS - DISCIPLINAS OPTATIVAS',60,0,'2018-07-19 10:49:57'),('CCMP0066','BANCO DE DADOS AVANCADOS',1,'COMPONENTES OPTATIVOS - DISCIPLINAS OPTATIVAS',60,0,'2018-07-19 10:49:57'),('CCMP0067','VALIDACAO VERIFICACAO E TESTE DE SOFTWARE',1,'COMPONENTES OPTATIVOS - DISCIPLINAS OPTATIVAS',60,0,'2018-07-19 10:49:57'),('CCMP0068','ENGENHARIA DE SOFTWARE 3',1,'COMPONENTES OPTATIVOS - DISCIPLINAS OPTATIVAS',60,0,'2018-07-19 10:49:57'),('CCMP0069','TOPICOS AVANCADOS EM ENGENHARIA DE SOFTWARE',1,'COMPONENTES OPTATIVOS - DISCIPLINAS OPTATIVAS',60,0,'2018-07-19 10:49:57'),('CCMP0071','SISTEMAS EMBARCADOS',1,'COMPONENTES OPTATIVOS - DISCIPLINAS OPTATIVAS',60,0,'2018-07-19 10:49:57'),('CCMP0072','TOLERANCIA A FALHAS',1,'COMPONENTES OPTATIVOS - DISCIPLINAS OPTATIVAS',60,0,'2018-07-19 10:49:57'),('CCMP0073','SISTEMAS DE TEMPO REAL',1,'COMPONENTES OPTATIVOS - DISCIPLINAS OPTATIVAS',60,0,'2018-07-19 10:49:57'),('CCMP0074','TOPICOS AVANCADOS EM SISTEMAS COMPUTACIONAIS',1,'COMPONENTES OPTATIVOS - DISCIPLINAS OPTATIVAS',60,0,'2018-07-19 10:49:57'),('CCMP0076','COMPUTADOR E SOCIEDADE',1,'CICLO GERAL OU CICLO BÁSICO',30,1,'2018-07-19 10:49:57'),('CCMP0077','AVALIACAO DE DESEMPENHO DE SISTEMAS',1,'CICLO PROFISSIONAL OU TRONCO COMUM',60,9,'2018-07-19 10:49:57'),('CCMP0078','TRABALHO DE CONCLUSAO DE CURSO 1',1,'CICLO PROFISSIONAL OU TRONCO COMUM',60,9,'2018-07-19 10:49:57'),('CCMP0079','TRABALHO DE CONCLUSAO DE CURSO 2',1,'CICLO PROFISSIONAL OU TRONCO COMUM',60,10,'2018-07-19 10:49:57'),('CCMP0080','ESTAGIO SUPERVISIONADO',1,'CICLO PROFISSIONAL OU TRONCO COMUM',300,10,'2018-07-19 10:49:57'),('CCMP0081','SISTEMAS DISTRIBUIDOS 2',1,'COMPONENTES OPTATIVOS - DISCIPLINAS OPTATIVAS',60,0,'2018-07-19 10:49:57'),('CCMP0082','ELETRONICA DIGITAL',1,'CICLO PROFISSIONAL OU TRONCO COMUM',60,2,'2018-07-19 10:49:57'),('CCMP0083','LABORATORIO DE ELETRONICA DIGITAL',1,'CICLO PROFISSIONAL OU TRONCO COMUM',30,2,'2018-07-19 10:49:57'),('CCMP0084','CIRCUITOS ELETRICOS',1,'CICLO PROFISSIONAL OU TRONCO COMUM',60,4,'2018-07-19 10:49:57'),('CCMP0085','LABORATORIO DE CIRCUITOS ELETRICOS',1,'CICLO PROFISSIONAL OU TRONCO COMUM',30,4,'2018-07-19 10:49:57'),('CIEN0003','METODOLOGIA DA PESQUISA',1,'CICLO GERAL OU CICLO BÁSICO',30,3,'2018-07-19 10:49:57'),('CIEN0004','CIENCIA E TECNOLOGIA DOS MATERIAIS',1,'CICLO GERAL OU CICLO BÁSICO',60,5,'2018-07-19 10:49:57'),('CIEN0005','MEIO AMBIENTE',1,'CICLO GERAL OU CICLO BÁSICO',30,7,'2018-07-19 10:49:57'),('DPRJ0012','DESENHO TECNICO',1,'CICLO GERAL OU CICLO BÁSICO',60,4,'2018-07-19 10:49:57'),('ECON0008','INTRODUCAO A ENGENHARIA ECONOMICA',1,'CICLO GERAL OU CICLO BÁSICO',30,7,'2018-07-19 10:49:57'),('ELET0026','ANALISE DE SINAIS E SISTEMAS',1,'CICLO PROFISSIONAL OU TRONCO COMUM',60,6,'2018-07-19 10:49:57'),('ELET0030','ELETRONICA ANALOGICA',1,'CICLO PROFISSIONAL OU TRONCO COMUM',60,5,'2018-07-19 10:49:57'),('ELET0031','LABORATORIO DE ELETRONICA ANALOGICA',1,'CICLO PROFISSIONAL OU TRONCO COMUM',30,5,'2018-07-19 10:49:57'),('ELET0055','INSTRUMENTACAO ELETRONICA',1,'CICLO PROFISSIONAL OU TRONCO COMUM',60,6,'2018-07-19 10:49:57'),('FISC0036','FISICA TEORICA 1',1,'CICLO GERAL OU CICLO BÁSICO',60,2,'2018-07-19 10:49:57'),('FISC0038','FISICA TEORICA 2',1,'CICLO GERAL OU CICLO BÁSICO',60,3,'2018-07-19 10:49:57'),('FISC0039','FISICA TEORICA 3',1,'CICLO GERAL OU CICLO BÁSICO',60,4,'2018-07-19 10:49:57'),('FISC0040','FISICA EXPERIMENTAL 1',1,'CICLO GERAL OU CICLO BÁSICO',30,2,'2018-07-19 10:49:57'),('FISC0041','FISICA EXPERIMENTAL 2',1,'CICLO GERAL OU CICLO BÁSICO',30,3,'2018-07-19 10:49:57'),('LING0002','COMUNICACAO E EXPRESSAO',1,'CICLO GERAL OU CICLO BÁSICO',30,1,'2018-07-19 10:49:57'),('MATM0042','CALCULO 1',1,'CICLO GERAL OU CICLO BÁSICO',60,1,'2018-07-19 10:49:57'),('MATM0043','CALCULO 2',1,'CICLO GERAL OU CICLO BÁSICO',60,2,'2018-07-19 10:49:57'),('MATM0044','CALCULO 3',1,'CICLO GERAL OU CICLO BÁSICO',60,3,'2018-07-19 10:49:57'),('MATM0045','CALCULO 4',1,'CICLO GERAL OU CICLO BÁSICO',60,4,'2018-07-19 10:49:57'),('MATM0046','ALGEBRA LINEAR',1,'CICLO GERAL OU CICLO BÁSICO',60,2,'2018-07-19 10:49:57'),('MATM0047','GEOMETRIA ANALITICA',1,'CICLO GERAL OU CICLO BÁSICO',60,1,'2018-07-19 10:49:57'),('MATM0048','CALCULO NUMERICO',1,'CICLO GERAL OU CICLO BÁSICO',60,4,'2018-07-19 10:49:57'),('MECN0017','MECANICA DOS SOLIDOS 1',1,'CICLO GERAL OU CICLO BÁSICO',60,3,'2018-07-19 10:49:57'),('MECN0023','FENOMENOS DE TRANSPORTE',1,'CICLO GERAL OU CICLO BÁSICO',60,5,'2018-07-19 10:49:57'),('PRBE0014','ESTATISTICA APLICADA A ENGENHARIA',1,'CICLO GERAL OU CICLO BÁSICO',90,3,'2018-07-19 10:49:57'),('PROD0065','EMPREENDEDORISMO',1,'CICLO GERAL OU CICLO BÁSICO',30,9,'2018-07-19 10:49:57'),('QUIM0017','QUIMICA GERAL TEORICA',1,'CICLO GERAL OU CICLO BÁSICO',30,2,'2018-07-19 10:49:57'),('QUIM0018','QUIMICA GERAL PRATICA',1,'CICLO GERAL OU CICLO BÁSICO',30,2,'2018-07-19 10:49:57');
/*!40000 ALTER TABLE `disciplinas` ENABLE KEYS */;
UNLOCK TABLES;

--
-- Table structure for table `ofertas`
--

DROP TABLE IF EXISTS `ofertas`;
/*!40101 SET @saved_cs_client     = @@character_set_client */;
/*!40101 SET character_set_client = utf8 */;
CREATE TABLE `ofertas` (
  `id_oferta` int(11) NOT NULL AUTO_INCREMENT,
  `cod_oferta` varchar(50) NOT NULL,
  `id_disciplina` varchar(50) NOT NULL,
  `ds_dia` varchar(50) NOT NULL,
  `ds_oferta_semestre` varchar(50) NOT NULL,
  `nr_horario_inicial` int(11) NOT NULL,
  `nr_duracao_horas` int(11) NOT NULL,
  `created_at` datetime DEFAULT CURRENT_TIMESTAMP,
  PRIMARY KEY (`id_oferta`),
  KEY `fk_disciplina_oferta` (`id_disciplina`),
  CONSTRAINT `ofertas_ibfk_1` FOREIGN KEY (`id_disciplina`) REFERENCES `disciplinas` (`id_disciplina`) ON DELETE CASCADE
) ENGINE=InnoDB AUTO_INCREMENT=942 DEFAULT CHARSET=latin1;
/*!40101 SET character_set_client = @saved_cs_client */;

--
-- Dumping data for table `ofertas`
--

LOCK TABLES `ofertas` WRITE;
/*!40000 ALTER TABLE `ofertas` DISABLE KEYS */;
INSERT INTO `ofertas` VALUES (848,'OFER0001','MATM0042','seg','2018.1',16,2,'2018-07-19 10:54:39'),(849,'OFER0001','MATM0042','qua','2018.1',16,2,'2018-07-19 10:54:39'),(850,'OFER0002','LING0002','ter','2018.1',8,2,'2018-07-19 10:54:39'),(851,'OFER0003','MATM0047','seg','2018.1',8,2,'2018-07-19 10:54:39'),(852,'OFER0003','MATM0047','qua','2018.1',8,2,'2018-07-19 10:54:39'),(853,'OFER0004','CCMP0040','seg','2018.1',14,2,'2018-07-19 10:54:39'),(854,'OFER0004','CCMP0040','qua','2018.1',14,2,'2018-07-19 10:54:39'),(855,'OFER0005','CCMP0027','seg','2018.1',10,2,'2018-07-19 10:54:39'),(856,'OFER0005','CCMP0027','qua','2018.1',10,2,'2018-07-19 10:54:39'),(857,'OFER0006','CCMP0041','ter','2018.1',14,2,'2018-07-19 10:54:39'),(858,'OFER0006','CCMP0041','qui','2018.1',14,2,'2018-07-19 10:54:39'),(859,'OFER0007','CCMP0041','ter','2018.1',16,2,'2018-07-19 10:54:39'),(860,'OFER0007','CCMP0041','qui','2018.1',16,2,'2018-07-19 10:54:39'),(861,'OFER0008','CCMP0039','ter','2018.1',10,2,'2018-07-19 10:54:39'),(862,'OFER0008','CCMP0039','qui','2018.1',10,2,'2018-07-19 10:54:39'),(863,'OFER0009','CCMP0076','qui','2018.1',8,2,'2018-07-19 10:54:39'),(864,'OFER0011','PRBE0014','seg','2018.1',10,2,'2018-07-19 10:54:39'),(865,'OFER0011','PRBE0014','qua','2018.1',10,2,'2018-07-19 10:54:39'),(866,'OFER0011','PRBE0014','sex','2018.1',14,2,'2018-07-19 10:54:39'),(867,'OFER0012','CCMP0023','seg','2018.1',8,2,'2018-07-19 10:54:39'),(868,'OFER0012','CCMP0023','qua','2018.1',8,2,'2018-07-19 10:54:39'),(869,'OFER0013','FISC0041','seg','2018.1',14,4,'2018-07-19 10:54:39'),(870,'OFER0014','FISC0038','ter','2018.1',10,2,'2018-07-19 10:54:39'),(871,'OFER0014','FISC0038','qui','2018.1',10,2,'2018-07-19 10:54:39'),(872,'OFER0015','MECN0017','ter','2018.1',16,2,'2018-07-19 10:54:39'),(873,'OFER0015','MECN0017','qui','2018.1',16,2,'2018-07-19 10:54:39'),(874,'OFER0016','CCMP0025','ter','2018.1',8,2,'2018-07-19 10:54:39'),(875,'OFER0016','CCMP0025','qui','2018.1',8,2,'2018-07-19 10:54:39'),(876,'OFER0017','CIEN0003','sex','2018.1',8,2,'2018-07-19 10:54:39'),(877,'OFER0018','CIEN0003','sex','2018.1',10,2,'2018-07-19 10:54:39'),(878,'OFER0019','CCMP0036','seg','2018.1',8,2,'2018-07-19 10:54:39'),(879,'OFER0019','CCMP0036','qua','2018.1',8,2,'2018-07-19 10:54:39'),(880,'OFER0020','CIEN0004','seg','2018.1',10,2,'2018-07-19 10:54:39'),(881,'OFER0020','CIEN0004','qua','2018.1',10,2,'2018-07-19 10:54:39'),(882,'OFER0021','ELET0030','ter','2018.1',16,2,'2018-07-19 10:54:39'),(883,'OFER0021','ELET0030','qui','2018.1',16,2,'2018-07-19 10:54:39'),(884,'OFER0022','CCMP0045','ter','2018.1',10,2,'2018-07-19 10:54:39'),(885,'OFER0022','CCMP0045','qui','2018.1',10,2,'2018-07-19 10:54:39'),(886,'OFER0023','MECN0023','seg','2018.1',10,2,'2018-07-19 10:54:39'),(887,'OFER0023','MECN0023','qua','2018.1',10,2,'2018-07-19 10:54:39'),(888,'OFER0024','ELET0031','ter','2018.1',14,2,'2018-07-19 10:54:39'),(889,'OFER0025','ELET0031','qui','2018.1',14,2,'2018-07-19 10:54:39'),(890,'OFER0026','CCMP0038','seg','2018.1',16,2,'2018-07-19 10:54:39'),(891,'OFER0026','CCMP0038','qua','2018.1',16,2,'2018-07-19 10:54:39'),(892,'OFER0027','CCMP0030','ter','2018.1',8,2,'2018-07-19 10:54:39'),(893,'OFER0027','CCMP0030','qui','2018.1',8,2,'2018-07-19 10:54:39'),(894,'OFER0028','CCMP0051','ter','2018.1',14,2,'2018-07-19 10:54:39'),(895,'OFER0028','CCMP0051','qui','2018.1',14,2,'2018-07-19 10:54:39'),(896,'OFER0029','ECON0008','sex','2018.1',10,2,'2018-07-19 10:54:39'),(897,'OFER0031','CCMP0048','seg','2018.1',14,2,'2018-07-19 10:54:39'),(898,'OFER0031','CCMP0048','qua','2018.1',14,2,'2018-07-19 10:54:39'),(899,'OFER0032','CCMP0052','ter','2018.1',16,2,'2018-07-19 10:54:39'),(900,'OFER0032','CCMP0052','qui','2018.1',16,2,'2018-07-19 10:54:39'),(901,'OFER0033','CCMP0049','seg','2018.1',8,2,'2018-07-19 10:54:39'),(902,'OFER0033','CCMP0049','sex','2018.1',8,2,'2018-07-19 10:54:39'),(903,'OFER0034','CCMP0050','ter','2018.1',8,2,'2018-07-19 10:54:39'),(904,'OFER0034','CCMP0050','qui','2018.1',8,2,'2018-07-19 10:54:39'),(905,'OFER0035','CCMP0077','seg','2018.1',8,2,'2018-07-19 10:54:39'),(906,'OFER0035','CCMP0077','qua','2018.1',8,2,'2018-07-19 10:54:39'),(907,'OFER0036','PROD0065','qui','2018.1',16,2,'2018-07-19 10:54:39'),(908,'OFER0037','CCMP0078','sex','2018.1',8,4,'2018-07-19 10:54:39'),(909,'OFER0038','CCMP0061','seg','2018.1',14,2,'2018-07-19 10:54:39'),(910,'OFER0038','CCMP0061','qua','2018.1',14,2,'2018-07-19 10:54:39'),(911,'OFER0039','CCMP0068','ter','2018.1',8,2,'2018-07-19 10:54:39'),(912,'OFER0039','CCMP0068','qui','2018.1',8,2,'2018-07-19 10:54:39'),(913,'OFER0040','CCMP0071','sex','2018.1',10,4,'2018-07-19 10:54:39'),(914,'OFER0041','MATM0045','ter','2018.1',14,2,'2018-07-19 10:54:39'),(915,'OFER0041','MATM0045','qui','2018.1',14,2,'2018-07-19 10:54:39'),(916,'OFER0043','CCMP0058','sex','2018.1',16,2,'2018-07-19 10:54:39'),(917,'OFER0044','CCMP0019','ter','2018.1',12,2,'2018-07-19 10:54:39'),(918,'OFER0044','CCMP0019','qui','2018.1',12,2,'2018-07-19 10:54:39'),(919,'OFER0045','CCMP0083','sex','2018.1',12,2,'2018-07-19 10:54:39'),(920,'OFER0046','CCMP0082','seg','2018.1',14,2,'2018-07-19 10:54:39'),(921,'OFER0046','CCMP0082','qua','2018.1',14,2,'2018-07-19 10:54:39'),(922,'OFER0048','PRBE0014','ter','2018.1',14,2,'2018-07-19 10:54:39'),(923,'OFER0048','PRBE0014','qui','2018.1',14,2,'2018-07-19 10:54:39'),(924,'OFER0048','PRBE0014','sex','2018.1',10,2,'2018-07-19 10:54:39'),(925,'OFER0049','CCMP0049','ter','2018.1',10,2,'2018-07-19 10:54:39'),(926,'OFER0049','CCMP0049','sex','2018.1',8,2,'2018-07-19 10:54:39'),(927,'OFER0050','CCMP0055','seg','2018.1',16,2,'2018-07-19 10:54:39'),(928,'OFER0050','CCMP0055','qua','2018.1',16,2,'2018-07-19 10:54:39'),(929,'OFER0051','ELET0026','ter','2018.1',14,2,'2018-07-19 10:54:39'),(930,'OFER0051','ELET0026','qui','2018.1',14,2,'2018-07-19 10:54:39'),(931,'OFER0052','MATM0046','seg','2018.1',14,2,'2018-07-19 10:54:39'),(932,'OFER0052','MATM0046','qua','2018.1',14,2,'2018-07-19 10:54:39'),(933,'OFER0053','CIEN0005','qua','2018.1',16,2,'2018-07-19 10:54:39'),(934,'OFER0054','FISC0036','seg','2018.1',10,2,'2018-07-19 10:54:39'),(935,'OFER0054','FISC0036','qua','2018.1',10,2,'2018-07-19 10:54:39'),(936,'OFER0055','MATM0042','ter','2018.1',14,2,'2018-07-19 10:54:39'),(937,'OFER0055','MATM0042','qui','2018.1',14,2,'2018-07-19 10:54:39'),(938,'OFER0056','MATM0043','ter','2018.1',10,2,'2018-07-19 10:54:39'),(939,'OFER0056','MATM0043','qui','2018.1',10,2,'2018-07-19 10:54:39'),(940,'OFER0057','MATM0044','ter','2018.1',10,2,'2018-07-19 10:54:39'),(941,'OFER0057','MATM0044','qui','2018.1',10,2,'2018-07-19 10:54:39');
/*!40000 ALTER TABLE `ofertas` ENABLE KEYS */;
UNLOCK TABLES;

--
-- Table structure for table `usuarios`
--

DROP TABLE IF EXISTS `usuarios`;
/*!40101 SET @saved_cs_client     = @@character_set_client */;
/*!40101 SET character_set_client = utf8 */;
CREATE TABLE `usuarios` (
  `id_usuario` int(11) NOT NULL AUTO_INCREMENT,
  `id_curso` int(11) NOT NULL,
  `ds_nome` varchar(300) NOT NULL,
  `ds_email` varchar(300) NOT NULL,
  `ds_senha` varchar(50) NOT NULL,
  `created_at` datetime DEFAULT CURRENT_TIMESTAMP,
  PRIMARY KEY (`id_usuario`),
  UNIQUE KEY `ds_email` (`ds_email`),
  KEY `fk_usuarios_disciplina` (`id_curso`),
  CONSTRAINT `usuarios_ibfk_1` FOREIGN KEY (`id_curso`) REFERENCES `cursos` (`id_curso`) ON DELETE CASCADE
) ENGINE=InnoDB AUTO_INCREMENT=2 DEFAULT CHARSET=latin1;
/*!40101 SET character_set_client = @saved_cs_client */;

--
-- Dumping data for table `usuarios`
--

LOCK TABLES `usuarios` WRITE;
/*!40000 ALTER TABLE `usuarios` DISABLE KEYS */;
INSERT INTO `usuarios` VALUES (1,1,'Juliana Sobreira','juliana.univasf@gmail.com','5d1a3b1748aa2420fc02d45fd36e63f8','2018-07-07 16:43:22');
/*!40000 ALTER TABLE `usuarios` ENABLE KEYS */;
UNLOCK TABLES;
/*!40103 SET TIME_ZONE=@OLD_TIME_ZONE */;

/*!40101 SET SQL_MODE=@OLD_SQL_MODE */;
/*!40014 SET FOREIGN_KEY_CHECKS=@OLD_FOREIGN_KEY_CHECKS */;
/*!40014 SET UNIQUE_CHECKS=@OLD_UNIQUE_CHECKS */;
/*!40101 SET CHARACTER_SET_CLIENT=@OLD_CHARACTER_SET_CLIENT */;
/*!40101 SET CHARACTER_SET_RESULTS=@OLD_CHARACTER_SET_RESULTS */;
/*!40101 SET COLLATION_CONNECTION=@OLD_COLLATION_CONNECTION */;
/*!40111 SET SQL_NOTES=@OLD_SQL_NOTES */;

-- Dump completed on 2018-09-24 13:25:23
